Designator,Footprint,Quantity,Value,LCSC Part #
"C1, C3",C_Rect_L7.0mm_W2.5mm_P5.00mm,2,470nF,
"D1, D4",LED_D3.0mm,2,LED,
J1,Jack_3.5mm_QingPu_WQP-PJ398SM_Vertical,1,CV2-freq1,
J2,Jack_3.5mm_QingPu_WQP-PJ398SM_Vertical,1,OUT-MIX,
J3,Jack_3.5mm_QingPu_WQP-PJ398SM_Vertical,1,CV2-freq2,
J4,Jack_3.5mm_QingPu_WQP-PJ398SM_Vertical,1,CV1-VOLUME2,
J5,Jack_3.5mm_QingPu_WQP-PJ398SM_Vertical,1,CV1-VOLUME1,
J6,Jack_3.5mm_QingPu_WQP-PJ398SM_Vertical,1,IN1,
J7,Jack_3.5mm_QingPu_WQP-PJ398SM_Vertical,1,OUT1,
J8,Jack_3.5mm_QingPu_WQP-PJ398SM_Vertical,1,IN2,
J9,Jack_3.5mm_QingPu_WQP-PJ398SM_Vertical,1,OUT2,
"R1, R3, R4, R7, R8, R9",R_Axial_DIN0204_L3.6mm_D1.6mm_P5.08mm_Vertical,6,560,
"R2, R6",R_Axial_DIN0204_L3.6mm_D1.6mm_P5.08mm_Vertical,2,2.2K,
R5,R_Axial_DIN0204_L3.6mm_D1.6mm_P5.08mm_Vertical,1,100,
"RV1, RV2",Potentiometer_Alpha_RD901F-40-00D_Single_Vertical,2,CV B10K ,
"U1, U2, U3, U4",PerkinElmer_VTL5C,4,VTL5C,
